id,url,owner_id,name,description,language,created_at,forked_from,deleted,updated_at,forked_commit_id
15430259,https://api.github.com/repos/chef/chef,1614412,chef,"A systems integration framework, built to bring the benefits of configuration management to your entire infrastructure.",Ruby,2009-01-15 20:40:48,,f,2019-05-31 19:44:08,
10045,https://api.github.com/repos/akka/akka,38162,akka,Akka Project,Scala,2009-02-16 12:51:54,,f,2019-05-31 16:10:17,
2413243,https://api.github.com/repos/vanilla/vanilla,163826,Vanilla,Vanilla is a powerfully simple discussion forum you can easily customize to make as unique as your community.,PHP,2009-06-21 01:41:25,,f,2019-05-31 14:34:11,
2281,https://api.github.com/repos/gradle/gradle,11052,gradle,A powerful build system for the JVM,Java,2009-09-09 18:27:19,,f,2019-05-31 14:07:20,
569165,https://api.github.com/repos/ccnmtl/mediathread,224557,mediathread,Django site for multimedia annotations facilitating collaboration on video and image analysis. Developed at the Columbia Center for New Media Teaching and Learning,JavaScript,2010-01-06 20:45:48,,f,2019-05-30 18:08:25,
9316,https://api.github.com/repos/cakephp/cakephp,10016,cakephp,CakePHP: The Rapid Development Framework for PHP - Official Repository,PHP,2010-05-08 14:38:22,,f,2019-05-31 04:22:24,
1554,https://api.github.com/repos/Graylog2/graylog2-server,8708,graylog2-server,Free and open source log management,Java,2010-05-17 21:27:02,,f,2019-05-31 15:04:39,
29123233,https://api.github.com/repos/highcharts/highcharts,10625925,highcharts,"Highcharts JS, the JavaScript charting framework",JavaScript,2010-06-11 12:23:53,,f,2019-05-31 05:35:55,
15985,https://api.github.com/repos/gem/oq-engine,50166,oq-engine,OpenQuake's Engine for Seismic Hazard and Risk Analysis,Python,2010-06-28 14:59:42,,f,2019-05-31 09:05:55,
2602,https://api.github.com/repos/mono/monodevelop,4394,monodevelop,MonoDevelop is a cross platform IDE mostly aimed at Mono/.NET developers,C#,2010-07-22 16:09:08,,f,2019-05-31 08:00:01,
181526,https://api.github.com/repos/getsentry/sentry,265517,sentry,Sentry is cross-platform crash reporting built with love,Python,2010-08-30 22:06:41,,f,2019-05-31 17:22:09,
252,https://api.github.com/repos/rstudio/rstudio,1904,rstudio,RStudio is an integrated development environment (IDE) for R,Java,2010-12-07 19:10:25,,f,2019-05-31 05:56:38,
8804952,https://api.github.com/repos/SonarSource/sonarqube,36234,sonarqube,Put your technical debt under control,Java,2011-01-05 11:05:17,,f,2019-05-31 07:52:36,
16282,https://api.github.com/repos/tablexi/nucore-open,56554,nucore-open,Northwestern University Core Facility Management Software (NUCore),Ruby,2011-03-04 13:45:37,,f,2019-05-30 13:01:50,
1823,https://api.github.com/repos/openscholar/openscholar,9573,openscholar,OpenScholar project ,PHP,2011-03-04 16:39:08,,f,2019-05-31 08:08:58,
15369,https://api.github.com/repos/devlab-oy/pupesoft,54204,pupesoft,"Suomalainen, avoimen lähdekoodin, toiminnanohjausjärjestelmä PK-yrityksille.",PHP,2011-04-12 05:26:18,,f,2019-05-31 07:14:21,
6093,https://api.github.com/repos/JuliaLang/julia,26434,julia,The Julia Language: A fresh approach to technical computing.,Julia,2011-04-21 07:01:50,,f,2019-05-31 12:59:24,
3216686,https://api.github.com/repos/rackerlabs/repose,1786453,repose,"The powerful, programmable, API Middleware Platform",Java,2011-07-01 04:39:34,,f,2019-05-28 14:13:23,
46771053,https://api.github.com/repos/woocommerce/woocommerce,31258295,woocommerce,An open source eCommerce plugin for WordPress.,PHP,2011-08-09 15:12:11,,f,2019-05-31 21:05:27,
8992,https://api.github.com/repos/NuGet/NuGetGallery,35145,NuGetGallery,The NuGet Gallery,C#,2011-08-09 17:57:32,,f,2019-05-31 18:14:35,
17694,https://api.github.com/repos/ceph/ceph,22729,ceph,"Ceph is a distributed object, block, and file storage platform ",C++,2011-09-01 21:41:26,,f,2019-05-31 14:21:58,
9384,https://api.github.com/repos/wp-cli/wp-cli,36298,wp-cli,A command line interface for WordPress,PHP,2011-09-10 12:51:59,,f,2019-05-31 04:26:10,
9204,https://api.github.com/repos/VoltDB/voltdb,7028,voltdb,VoltDB,Java,2011-09-23 18:46:12,,f,2019-05-31 21:21:36,
7037358,https://api.github.com/repos/quintel/etsource,1002101,etsource,Data source for the Energy Transition Model,Ruby,2011-10-03 12:58:51,,f,2019-05-29 13:01:58,
18119,https://api.github.com/repos/mantidproject/mantid,61750,mantid,Main repository for Mantid code,C++,2011-10-17 19:07:38,,f,2019-05-31 11:29:35,
15704905,https://api.github.com/repos/arangodb/arangodb,2599959,arangodb,"ArangoDB is a native multi-model database with flexible data models for documents, graphs, and key-values. Build high performance applications using a convenient SQL-like query language or JavaScript extensions.",C++,2011-10-26 06:42:00,,f,2019-05-31 17:21:37,
3086778,https://api.github.com/repos/loomio/loomio,1601711,loomio,Loomio is an open-source web application that helps groups make better decisions together.,Ruby,2011-11-08 03:27:12,,f,2019-05-31 18:15:25,
3105682,https://api.github.com/repos/camptocamp/c2cgeoportal,6270,c2cgeoportal,c2cgeoportal application,Python,2011-12-07 13:42:59,,f,2019-05-31 19:02:05,
392,https://api.github.com/repos/adobe/brackets,2997,brackets,"An open source code editor for the web, written in JavaScript, HTML and CSS.",JavaScript,2011-12-07 21:14:40,,f,2019-05-31 23:32:12,
7402,https://api.github.com/repos/wiredtiger/wiredtiger,30708,wiredtiger,WiredTiger's source tree,C,2011-12-09 00:43:19,,f,2019-05-31 06:37:56,
8956121,https://api.github.com/repos/Azure/azure-sdk-for-node,3681780,azure-sdk-for-node,Azure SDK for Node.js,JavaScript,2011-12-09 23:38:42,,f,2019-05-30 13:19:20,
44967,https://api.github.com/repos/nuxeo/nuxeo,33180,nuxeo,Content management platform to build modern business applications,Java,2011-12-15 14:35:41,,f,2019-05-31 09:06:49,
5622166,https://api.github.com/repos/freedomofpress/securedrop,2647179,securedrop,GitHub repository for the SecureDrop whistleblower platform. Do not submit tips here!,Python,2012-01-11 19:57:55,,f,2019-05-31 15:23:31,
27903,https://api.github.com/repos/kaltura/mwEmbed,86801,mwEmbed,Kaltura's Cross Platform Video Player ToolKit ,JavaScript,2012-02-08 15:44:27,,f,2019-05-30 09:41:41,
2831,https://api.github.com/repos/AnalyticalGraphicsInc/cesium,13505,cesium,An open-source JavaScript library for world-class 3D globes and maps :earth_americas:,JavaScript,2012-03-02 22:27:14,,f,2019-05-31 06:31:05,
58572,https://api.github.com/repos/hypothesis/h,144358,h,"Annotate with anyone, anywhere.",Python,2012-04-02 19:56:59,,f,2019-05-29 12:19:23,
12143760,https://api.github.com/repos/realm/realm-java,1279090,realm-java,Realm is a mobile database: a replacement for SQLite & ORMs,Java,2012-04-20 09:18:42,,f,2019-05-31 13:57:46,
8948476,https://api.github.com/repos/Azure/azure-sdk-for-python,3681780,azure-sdk-for-python,Microsoft Azure SDK for Python,Python,2012-04-24 16:46:12,,f,2019-05-31 15:23:57,
16306424,https://api.github.com/repos/enonic/xp,64757,xp,Enonic XP,Java,2012-04-26 12:06:41,,f,2019-05-31 13:15:22,
67025305,https://api.github.com/repos/scalableminds/webknossos,806579,webknossos,An online annotation tool for distributed large-scale 3-D data analysis in connectomics,JavaScript,2012-05-14 16:26:17,,f,2019-05-29 09:41:29,
1808,https://api.github.com/repos/candlepin/subscription-manager,9548,subscription-manager,A GUI and CLI client for Candlepin,Python,2012-05-17 16:13:30,,f,2019-05-30 17:51:57,
15157,https://api.github.com/repos/sharetribe/sharetribe,53901,sharetribe,Open source marketplace platform,Ruby,2012-05-25 15:34:17,,f,2019-05-31 07:01:28,
2396,https://api.github.com/repos/candlepin/candlepin,9548,candlepin,The Candlepin entitlement engine,Java,2012-06-07 14:58:35,,f,2019-05-31 18:55:11,
1342853,https://api.github.com/repos/travis-ci/travis-web,6691,travis-web,The Ember web client for Travis CI,JavaScript,2012-06-17 16:30:56,,f,2019-05-31 11:10:08,
4524570,https://api.github.com/repos/CartoDB/cartodb,90481,cartodb,Location Intelligence & Data Visualization tool,Ruby,2012-07-05 15:23:45,,f,2019-05-31 11:42:06,
2822,https://api.github.com/repos/halide/Halide,13493,Halide,a language for image processing and computational photography,C++,2012-07-31 04:05:25,,f,2019-05-31 13:40:06,
34957,https://api.github.com/repos/PX4/Firmware,53888,Firmware,PX4 Pro Autopilot Software,C++,2012-08-04 21:19:36,,f,2019-05-31 13:38:50,
1360482,https://api.github.com/repos/Wikia/app,616093,app,Wikia Application Code,PHP,2012-08-23 20:55:58,,f,2019-05-31 09:49:59,
524804,https://api.github.com/repos/owncloud/core,251852,core,":cloud: ownCloud web server core (Files, DAV, etc.)",PHP,2012-08-25 10:32:48,,f,2019-05-31 13:52:11,
691908,https://api.github.com/repos/SonarSource/sonar-java,36234,sonar-java,:coffee: SonarQube Java language plugin,Java,2012-09-04 15:53:13,,f,2019-05-30 00:51:36,
5064429,https://api.github.com/repos/couchbase/sync_gateway,32855,sync_gateway,Connects Couchbase Lite to Couchbase Server,Go,2012-10-04 22:25:43,,f,2019-05-31 05:16:02,
1481661,https://api.github.com/repos/researchstudio-sat/webofneeds,263785,webofneeds,A distributed marketplace driven by customer needs,Java,2012-10-10 08:08:56,,f,2019-05-28 16:33:55,
1417117,https://api.github.com/repos/Wikia/selenium-tests,616093,selenium-tests,,Java,2012-10-18 08:06:11,,f,2019-05-31 04:22:10,
52012068,https://api.github.com/repos/vaadin/framework,259930,framework,"Vaadin is a Java framework for building modern web applications that look great, perform well and make you and your users happy.",Java,2012-10-19 10:41:30,,f,2019-05-31 14:48:19,
1432107,https://api.github.com/repos/haiwen/seahub,120930,seahub,The web end of seafile server.,JavaScript,2012-11-06 05:07:24,,f,2019-05-31 03:14:24,
4804053,https://api.github.com/repos/Yoast/wordpress-seo,654836,wordpress-seo,Yoast SEO for WordPress,PHP,2012-11-16 15:16:29,,f,2019-05-31 07:14:10,
1545591,https://api.github.com/repos/opf/openproject,1086289,openproject,OpenProject is a web-based project management system built on Ruby on Rails,Ruby,2012-11-28 09:59:11,,f,2019-05-31 19:14:14,
2423838,https://api.github.com/repos/ENCODE-DCC/encoded,1389654,encoded,Metadata database for ENCODE 3,Python,2012-12-07 00:52:21,,f,2019-05-31 19:41:21,
1803672,https://api.github.com/repos/mulesoft/mule,7037,mule,Mule Community Edition,Java,2012-12-07 19:23:06,,f,2019-05-31 17:08:41,
6017108,https://api.github.com/repos/UM-USElab/gradecraft-development,2792548,gradecraft-development,"GradeCraft is a gameful learning management system, intended to help motivate students to be more engaged in their own learning.",Ruby,2013-02-09 03:44:54,,f,2019-05-31 15:38:26,
22079349,https://api.github.com/repos/MediaBrowser/Emby,1576068,Emby,Emby Server is a home media server built using other popular open source technologies.,C#,2013-02-16 04:40:34,,f,2019-05-29 22:54:00,
18914789,https://api.github.com/repos/mozilla/treeherder,1146,treeherder,Dashboard & service for managing CI data for Mozilla projects,Python,2013-02-27 19:17:37,,f,2019-05-31 16:24:29,
2914062,https://api.github.com/repos/ORCID/ORCID-Source,519913,ORCID-Source,ORCID Open Source Project,Java,2013-02-28 17:57:01,,f,2019-05-31 14:46:30,
41419541,https://api.github.com/repos/splicemachine/spliceengine,2391379,spliceengine,The SpliceSQL Engine,Java,2013-03-05 15:07:56,,f,2019-05-31 17:21:56,
809314,https://api.github.com/repos/freenas/freenas,284716,freenas,FreeNAS Git Repository,Python,2013-03-07 13:23:20,,f,2019-05-31 04:28:55,
11226972,https://api.github.com/repos/mapbox/mapbox-gl-js,29218,mapbox-gl-js,Render Mapbox styles in the browser using JavaScript and WebGL,JavaScript,2013-03-07 14:45:24,,f,2019-05-31 04:21:36,
321869,https://api.github.com/repos/wordpress-mobile/WordPress-iOS,495047,WordPress-iOS,WordPress for iOS - Official repository,Objective-C,2013-03-18 16:59:33,,f,2019-05-31 14:34:34,
3235795,https://api.github.com/repos/centreon/centreon,1373930,centreon,"Centreon is a network, system, applicative supervision and monitoring tool",PHP,2013-03-28 10:24:33,,f,2019-05-31 12:13:10,
6278588,https://api.github.com/repos/pypa/warehouse,64110,warehouse,Next Generation Python Package Repository,Python,2013-03-30 19:03:53,,f,2019-05-31 19:07:14,
8407619,https://api.github.com/repos/crate/crate,791693,crate,"Crate.IO: The fast, scalable, easy to use SQL database with native full text search",Java,2013-04-10 09:17:16,,f,2019-05-31 09:46:08,
3318537,https://api.github.com/repos/OpenNMS/opennms,1837577,opennms,"",Java,2013-04-11 18:22:33,,f,2019-05-31 13:36:28,
34452887,https://api.github.com/repos/electron/electron,3582041,electron,Build cross platform desktop apps with web technologies,C++,2013-04-12 01:47:36,,f,2019-05-31 10:56:28,
3290625,https://api.github.com/repos/edx/configuration,288514,configuration,"a simple, but flexible, way for anyone to stand up an instance of the edX platform that is fully configured and ready-to-go",Python,2013-04-16 17:23:42,,f,2019-05-31 13:55:40,
4687903,https://api.github.com/repos/4teamwork/opengever.core,8458,opengever.core,OneGov GEVER core package,Python,2013-05-01 08:28:16,,f,2019-05-29 08:24:37,
3922354,https://api.github.com/repos/zenoss/zenoss-prodbin,200001,zenoss-prodbin,Zenoss - zenoss-prodbin module,Python,2013-05-30 18:36:05,,f,2019-05-31 19:01:38,
3929178,https://api.github.com/repos/edx/edx-platform,288514,edx-platform,"The Open edX platform, the software that powers edX!",Python,2013-05-30 20:20:38,,f,2019-05-31 08:21:32,
3936890,https://api.github.com/repos/geoadmin/mf-geoadmin3,1665671,mf-geoadmin3,map.geo.admin.ch source code,JavaScript,2013-05-31 06:37:20,,f,2019-05-29 06:20:12,
3936090,https://api.github.com/repos/geoadmin/mf-chsdi3,1665671,mf-chsdi3,api3.geo.admin.ch source code. ,JavaScript,2013-05-31 06:59:44,,f,2019-05-29 08:49:01,
4030126,https://api.github.com/repos/umbraco/Umbraco-CMS,146686,Umbraco-CMS,"The simple, flexible and friendly ASP.NET CMS used by more than 225.000 websites",C#,2013-06-10 13:50:46,,f,2019-05-31 07:47:53,
5216326,https://api.github.com/repos/mesosphere/marathon,2207728,marathon,Deploy and manage containers (including Docker) on top of Apache Mesos at scale.,Scala,2013-06-25 14:56:34,,f,2019-05-31 04:13:05,
7332776,https://api.github.com/repos/eslint/eslint,3197030,eslint,A fully pluggable tool for identifying and reporting on patterns in JavaScript.,JavaScript,2013-06-29 23:59:48,,f,2019-05-31 22:59:34,
4456243,https://api.github.com/repos/kaltura/server,86801,server,The official Kaltura server. ,PHP,2013-07-12 08:59:26,,f,2019-05-30 12:58:27,
37314162,https://api.github.com/repos/openopps/openopps-platform,13364258,openopps-platform,Open Opportunities open source platform,JavaScript,2013-07-16 15:11:10,,f,2019-05-31 14:19:05,
6601601,https://api.github.com/repos/Particular/docs.particular.net,2382188,docs.particular.net,Contains all the content for the Particular documentation site,C#,2013-07-28 23:18:15,,f,2019-05-31 16:16:38,
6422123,https://api.github.com/repos/mozilla/fxa-content-server,1146,fxa-content-server,Firefox Accounts Content Server,JavaScript,2013-07-30 23:35:35,,f,2019-05-31 06:54:17,
4834743,https://api.github.com/repos/girder/girder,2382340,girder,A data management platform for the web,Python,2013-08-02 23:55:54,,f,2019-05-30 16:48:16,
10883844,https://api.github.com/repos/control-center/serviced,4631082,serviced,"Serviced is a PaaS runtime. It allows users to create, manage and scale services in a uniform way.",Go,2013-08-06 16:45:00,,f,2019-05-29 10:01:45,
34896252,https://api.github.com/repos/home-assistant/home-assistant,11394549,home-assistant,:house_with_garden: :bulb: Open-source home automation platform running on Python 3,Python,2013-09-17 07:29:48,,f,2019-05-31 08:47:40,
30508301,https://api.github.com/repos/influxdata/influxdb,10954408,influxdb,"Scalable datastore for metrics, events, and real-time analytics",Go,2013-09-26 14:31:10,,f,2019-05-31 09:46:46,
514257,https://api.github.com/repos/onepercentclub/bluebottle,135225,bluebottle,Bluebottle,Python,2013-09-27 12:09:13,,f,2019-05-31 09:12:23,
19343057,https://api.github.com/repos/wikimedia/wikipedia-ios,4693,wikipedia-ios,The official Wikipedia iOS app.,Objective-C,2013-10-25 14:36:56,,f,2019-05-30 21:05:06,
6191845,https://api.github.com/repos/SemanticMediaWiki/SemanticMediaWiki,283146,SemanticMediaWiki,"Semantic MediaWiki is a project for extending MediaWiki with ""semantic"" functions that enable machine-reading of wiki-content.",PHP,2013-11-02 01:38:36,,f,2019-05-31 17:54:22,
9238699,https://api.github.com/repos/hashicorp/consul,1085418,consul,"Consul is a tool for service discovery, monitoring and configuration.",Go,2013-11-04 22:15:27,,f,2019-05-31 03:48:16,
16286325,https://api.github.com/repos/deeplearning4j/deeplearning4j,6992169,deeplearning4j,"Deep Learning for Java, Scala & Clojure on Hadoop, Spark & GPUs",Java,2013-11-27 02:03:28,,f,2019-05-31 22:05:34,
6699387,https://api.github.com/repos/opentx/opentx,3017154,opentx,OpenTX custom firmware for Transmitters,C++,2013-11-29 07:02:56,,f,2019-05-30 19:50:20,
9527814,https://api.github.com/repos/grafana/grafana,3879989,grafana,"Gorgeous metric viz, dashboards & editors for Graphite, InfluxDB & OpenTSDB",Go,2013-12-11 15:59:56,,f,2019-05-31 08:30:46,
6965976,https://api.github.com/repos/Automattic/jetpack,25694,Jetpack,"Your WordPress, streamlined.",PHP,2013-12-16 16:43:01,,f,2019-05-31 22:01:00,
37434686,https://api.github.com/repos/Submitty/Submitty,13401959,Submitty,A suite of UX and autograding changes to the homework server used at RPI.,PHP,2014-01-25 17:43:57,,f,2019-05-31 17:10:31,
10039226,https://api.github.com/repos/mapbox/mapbox-gl-native,29218,mapbox-gl-native,"Render Mapbox styles in mobile, desktop, and node applications using C++ and OpenGL",C++,2014-01-27 17:14:48,,f,2019-05-30 23:43:33,
7701652,https://api.github.com/repos/moderntribe/the-events-calendar,851579,the-events-calendar,The Events Calendar WordPress plugin by Modern Tribe,PHP,2014-01-30 02:17:01,,f,2019-05-31 04:21:12,
7688161,https://api.github.com/repos/Charcoal-SE/SmokeDetector,3274905,SmokeDetector,Headless chatbot that detects spam and posts links to it to chatrooms for quick deletion.,Python,2014-01-30 20:29:37,,f,2019-05-31 04:01:25,
31851528,https://api.github.com/repos/mozilla/addons-server,1146,addons-server,"addons.mozilla.org, reloaded.",Python,2014-01-31 18:44:15,,f,2019-05-31 10:40:45,
8555472,https://api.github.com/repos/openaddresses/openaddresses,3566404,openaddresses,A repository of address data.,JavaScript,2014-02-06 21:29:20,,f,2019-05-30 20:58:59,
8252965,https://api.github.com/repos/OCHA-DAP/hdx-ckan,2327597,hdx-ckan,A repo for HDX's configurations and extensions to CKAN,Python,2014-02-11 15:35:04,,f,2019-05-30 07:27:06,
8496162,https://api.github.com/repos/IgniteUI/igniteui-angular,2710135,igniteui-angular,Ignite UI directives for AngularJS,JavaScript,2014-02-26 14:33:56,,f,2019-05-31 07:36:48,
20337473,https://api.github.com/repos/h2oai/h2o-3,6099604,h2o-3,"Fast Scalable Machine Learning API For Smarter Applications (Deep Learning, GBM, GLM...)",Java,2014-03-03 16:08:07,,f,2019-05-31 11:52:36,
8335053,https://api.github.com/repos/ceph/ceph-ansible,22729,ceph-ansible,Ansible playbooks for Ceph,Python,2014-03-03 17:12:09,,f,2019-05-31 15:39:49,
11065419,https://api.github.com/repos/hashicorp/terraform,1085418,terraform,"Terraform is a tool for building, changing, and combining infrastructure safely and efficiently.",Go,2014-03-13 22:25:48,,f,2019-05-31 18:02:20,
17994920,https://api.github.com/repos/HGustavs/LenaSYS,3595244,LenaSYS,Code Viewer and Course Organization System used in some courses at University of Skövde,JavaScript,2014-03-17 18:58:39,,f,2019-05-30 05:21:28,
8985694,https://api.github.com/repos/cloudify-cosmo/cloudify-manager,3681432,cloudify-manager,Cloudify's manager related code,Python,2014-04-01 11:06:47,,f,2019-05-31 04:23:45,
9302037,https://api.github.com/repos/cfpb/cfgov-refresh,372784,cfgov-refresh,In-progress redesign of the consumerfinance.gov website.,Python,2014-04-16 19:22:03,,f,2019-05-31 17:44:30,
9666448,https://api.github.com/repos/NuGet/NuGet.Client,35145,NuGet.Client,Core client libraries for NuGet Services,C#,2014-04-30 23:46:11,,f,2019-05-31 20:51:16,
69287454,https://api.github.com/repos/hortonworks/cloudbreak,505272,cloudbreak,Cloudbreak is a cloud agnostic Hadoop as a Service API.,Java,2014-05-10 10:03:07,,f,2019-05-31 08:31:59,
9891322,https://api.github.com/repos/tendermint/tendermint,3944255,tendermint,Tendermint in Go,Go,2014-05-14 23:21:35,,f,2019-05-30 17:37:39,
9859646,https://api.github.com/repos/zendesk/samson,67101,samson,Web interface for deployments,Ruby,2014-05-27 05:55:57,,f,2019-05-29 19:40:38,
9833946,https://api.github.com/repos/camptocamp/ngeo,6270,ngeo,Library combining OpenLayers 3 and AngularJS,JavaScript,2014-05-27 08:34:54,,f,2019-05-31 18:59:15,
10060852,https://api.github.com/repos/ccnmtl/dmt,224557,dmt,django port of our PMT,Python,2014-06-05 19:24:31,,f,2019-05-31 15:31:04,
10941284,https://api.github.com/repos/Microsoft/TypeScript,3886902,TypeScript,TypeScript is a superset of JavaScript that compiles to clean JavaScript output.,TypeScript,2014-06-17 15:28:39,,f,2019-05-31 09:48:18,
10435619,https://api.github.com/repos/Talend/tcommon-studio-se,346764,tcommon-studio-se,,Java,2014-06-22 04:07:18,,f,2019-05-31 10:23:32,
11598286,https://api.github.com/repos/Talend/tdi-studio-se,346764,tdi-studio-se,,Java,2014-06-22 10:10:03,,f,2019-05-31 07:31:26,
18162315,https://api.github.com/repos/ipfs/go-ipfs,7338375,go-ipfs,IPFS implementation in go,Go,2014-06-26 08:14:34,,f,2019-05-31 05:55:20,
10507922,https://api.github.com/repos/oat-sa/tao-core,4434368,tao-core,main extension of TAO,JavaScript,2014-06-27 13:54:01,,f,2019-05-31 15:05:19,
10542250,https://api.github.com/repos/NativeScript/nativescript-cli,4265635,nativescript-cli,Command-line interface for building NativeScript apps,TypeScript,2014-06-30 10:21:20,,f,2019-05-31 12:33:42,
85826024,https://api.github.com/repos/dimagi/commcare-cloud,26413,commcare-cloud,,Python,2014-07-21 18:04:26,,f,2019-05-31 17:41:45,
10958281,https://api.github.com/repos/oat-sa/extension-tao-testqti,4434368,extension-tao-testqti,Extension to create QTI tests into TAO,PHP,2014-07-22 16:55:35,,f,2019-05-31 09:06:04,
11793080,https://api.github.com/repos/caskdata/cdap,5116511,cdap,Cask Data Application Platform (CDAP),Java,2014-08-02 09:00:10,,f,2019-05-08 18:02:00,
11186411,https://api.github.com/repos/sparc-request/sparc-request,4767071,sparc-request,"",Ruby,2014-08-04 15:47:11,,f,2019-05-28 18:44:47,
11721331,https://api.github.com/repos/matrix-org/synapse,5084100,synapse,Synapse: Matrix reference homeserver,Python,2014-08-11 15:51:42,,f,2019-05-31 08:12:14,
19414858,https://api.github.com/repos/Azure/azure-sdk-for-go,3681780,azure-sdk-for-go,Microsoft Azure SDK for Go,Go,2014-08-11 21:18:43,,f,2019-05-31 15:25:40,
11374146,https://api.github.com/repos/jeff1evesque/machine-learning,1155687,machine-learning,"Web-interface, and programmatic API for Support Vector Machines",Python,2014-08-13 16:50:18,,f,2019-05-28 08:30:46,
16301652,https://api.github.com/repos/deeplearning4j/nd4j,6992169,nd4j,Scientific Computing for the JVM (NDArrays),Java,2014-08-31 03:47:00,,f,2019-05-28 08:08:14,
21992444,https://api.github.com/repos/pachyderm/pachyderm,6640604,pachyderm,Containerized Data Analytics,Go,2014-09-04 07:50:02,,f,2019-05-31 22:24:46,
11703554,https://api.github.com/repos/code-dot-org/code-dot-org,2453400,code-dot-org,The code powering code.org and studio.code.org,JavaScript,2014-09-20 00:46:11,,f,2019-05-31 22:28:16,
46494877,https://api.github.com/repos/mozilla-mobile/firefox-ios,31192785,firefox-ios,Firefox for iOS,C,2014-11-03 19:07:02,,f,2019-05-31 07:44:45,
32065951,https://api.github.com/repos/Talend/data-prep,346764,data-prep,OS code of Data-prep project,JavaScript,2014-11-14 15:32:38,,f,2019-05-27 16:09:55,
13666930,https://api.github.com/repos/crdschurch/crds-angular,1699932,crds-angular,Starting point for angular development at crossroads,C#,2014-11-19 16:21:09,,f,2019-05-31 19:34:50,
24926207,https://api.github.com/repos/vega/vega-lite,7639160,vega-lite,"A high-level grammar for visual analysis, built on top of Vega.",TypeScript,2014-11-20 20:52:04,,f,2019-05-31 20:15:13,
13564378,https://api.github.com/repos/uw-it-aca/myuw,1672358,myuw,"",Python,2014-11-26 19:23:15,,f,2019-05-20 18:28:00,
28032966,https://api.github.com/repos/fastlane/fastlane,7475195,fastlane,Connect all iOS deployment tools into one streamlined workflow,Ruby,2014-12-02 17:00:38,,f,2019-05-31 01:42:17,
27321561,https://api.github.com/repos/broadinstitute/gatk,2076,gatk,GATK4 development,Java,2014-12-02 20:50:36,,f,2019-05-31 04:19:27,
54428048,https://api.github.com/repos/batfish/batfish,33371699,batfish,"Batfish is a network configuration analysis tool that can find bugs and guarantee the correctness of (planned or current) network configurations. It enables network engineers to rapidly and safely evolve their network, without fear of outages or security ",Java,2014-12-03 21:10:18,,f,2019-05-31 17:31:42,
16273814,https://api.github.com/repos/aspnet/Docs,3461168,Docs,Documentation for ASP.NET 5,C#,2014-12-19 17:38:02,,f,2019-05-27 23:39:34,
15059440,https://api.github.com/repos/letsencrypt/boulder,6079335,boulder,"An ACME-based CA, written in Go.",Go,2014-12-21 00:29:54,,f,2019-05-31 04:28:00,
14520096,https://api.github.com/repos/dchbx/enroll,2064332,enroll,An ACA-compliant enrollment system for individual and SHOP markets,Ruby,2014-12-26 18:59:14,,f,2019-05-31 14:44:25,
18581779,https://api.github.com/repos/acemod/ACE3,7705747,ACE3,Open-source realism mod for Arma 3,C++,2015-01-10 19:59:12,,f,2019-05-31 14:37:41,
15022227,https://api.github.com/repos/dotnet/roslyn,6093870,roslyn,"The .NET Compiler Platform (""Roslyn"") provides open-source C# and Visual Basic compilers with rich code analysis APIs.",C#,2015-01-11 02:39:03,,f,2019-05-31 14:47:32,
11142691,https://api.github.com/repos/syuilo/Misskey,2240543,Misskey,A chillout SNS.,JavaScript,2015-01-18 08:17:29,,f,2019-05-31 12:40:30,
17329677,https://api.github.com/repos/edx/ecommerce,288514,ecommerce,Django application used to manage edX's product catalog and handle orders for those products,Python,2015-02-02 06:55:15,,f,2019-05-31 13:58:14,
13525648,https://api.github.com/repos/AugurProject/augur,6116624,augur,Augur client,JavaScript,2015-02-02 20:56:19,,f,2019-05-31 08:41:21,
19388130,https://api.github.com/repos/hashicorp/vault,1085418,vault,A tool for managing secrets.,JavaScript,2015-02-25 00:15:59,,f,2019-05-31 19:38:19,
16922941,https://api.github.com/repos/NativeScript/NativeScript,4265635,NativeScript,Build truly native cross-platform iOS and Android apps with JavaScript,TypeScript,2015-03-01 09:47:08,,f,2019-05-31 05:45:38,
19611001,https://api.github.com/repos/kontena/kontena,7210859,kontena,"Container platform built to maximize developer happiness. Works on any cloud, easy to setup, simple to use.",Ruby,2015-03-22 18:52:32,,f,2019-05-31 05:39:26,
24203553,https://api.github.com/repos/eclipse/che,16450,che,Eclipse Che: Next-generation Eclipse IDE.  Open source workspace server and cloud IDE.,Java,2015-03-26 15:31:01,,f,2019-05-30 19:04:04,
19660635,https://api.github.com/repos/broadinstitute/cromwell,2076,cromwell,Workflow Execution Engine using WDL,Scala,2015-04-17 19:39:36,,f,2019-05-31 15:12:40,
19224064,https://api.github.com/repos/Yakindu/statecharts,7888432,statecharts,Yakindu Statechart Tools (http://www.statecharts.org),Java,2015-04-24 13:33:27,,f,2019-05-28 16:59:11,
20170979,https://api.github.com/repos/everypolitician/everypolitician-data,8174585,everypolitician-data,"",Ruby,2015-04-28 11:10:07,,f,2019-05-31 21:21:59,
76259902,https://api.github.com/repos/vaadin/flow,259930,flow,Flow - fast and furious,Java,2015-04-29 17:54:35,,f,2019-05-31 07:02:02,
21027363,https://api.github.com/repos/ubtue/ub_tools,8173924,ub_tools,Various C++ utility programs typically relating to MARC 21 manipulation.,C++,2015-05-18 16:02:47,,f,2019-05-29 13:35:25,
36928489,https://api.github.com/repos/OpenCollective/opencollective-api,9667359,opencollective-api,OpenCollective's API,JavaScript,2015-05-19 05:40:22,,f,2019-05-31 06:40:07,
21426700,https://api.github.com/repos/gatsbyjs/gatsby,8506199,gatsby,Transform plain text into dynamic blogs and websites using React.js,JavaScript,2015-05-21 22:43:05,,f,2019-05-31 08:34:15,
39095969,https://api.github.com/repos/habitat-sh/habitat,12817268,habitat,Modern applications with built-in automation,Rust,2015-05-22 22:47:14,,f,2019-05-31 21:25:48,
70764894,https://api.github.com/repos/raster-foundry/raster-foundry,37295162,raster-foundry,The Raster Foundry web application.,Scala,2015-05-28 20:25:45,,f,2019-05-30 14:57:45,
26166110,https://api.github.com/repos/hashicorp/nomad,1085418,nomad,"A Distributed, Highly Available, Datacenter-Aware Scheduler",Go,2015-06-01 10:21:00,,f,2019-05-31 14:29:18,
20814423,https://api.github.com/repos/arvidn/libtorrent,242404,libtorrent,an efficient feature complete C++ bittorrent implementation,C++,2015-06-03 05:22:03,,f,2019-05-31 00:07:17,
26373298,https://api.github.com/repos/palantir/atlasdb,67819,atlasdb,Transactional Distributed Database Layer,Java,2015-06-05 23:42:44,,f,2019-05-31 19:28:32,
21624052,https://api.github.com/repos/matrix-org/matrix-react-sdk,5084100,matrix-react-sdk,Matrix SDK for React Javascript,JavaScript,2015-06-09 16:37:07,,f,2019-05-31 10:16:40,
21237011,https://api.github.com/repos/ngageoint/hootenanny,3713140,hootenanny,high-performance conflation software,C++,2015-06-13 13:33:38,,f,2019-05-31 15:14:09,
22196424,https://api.github.com/repos/uclouvain/osis,6165995,OSIS,Open Student Information System,Python,2015-06-15 20:25:28,,f,2019-05-31 06:11:14,
22343605,https://api.github.com/repos/qorelanguage/qore,8811652,qore,Qore Programming Language,C++,2015-07-20 10:52:09,,f,2019-05-31 17:59:11,
22043279,https://api.github.com/repos/algolia/instantsearch.js,25443,instantsearch.js,instantsearch.js is a library of widgets designed for high performance instant search experiences using Algolia,JavaScript,2015-07-21 12:10:27,,f,2019-05-31 02:14:17,
31467866,https://api.github.com/repos/Talend/components,346764,components,Talend component infrastructure and public components,Java,2015-07-28 20:02:50,,f,2019-05-31 09:00:40,
51387933,https://api.github.com/repos/wazuh/wazuh,9509399,wazuh,OSSEC Wazuh fork,C,2015-08-11 17:39:03,,f,2019-05-31 09:09:34,
24158194,https://api.github.com/repos/ethereum/solidity,3137562,solidity,The Solidity Contract-Oriented Programming Language,C++,2015-08-17 12:27:26,,f,2019-05-31 02:14:17,
53560757,https://api.github.com/repos/QuantiModo/quantimodo-android-chrome-ios-web-app,2167256,quantimodo-android-chrome-ios-web-app,A generic app that can be easily configured to help the user track and optimize any given outcome variable.,JavaScript,2015-08-27 16:07:22,,f,2019-05-26 04:33:18,
24955249,https://api.github.com/repos/ec-europa/platform-dev,6921009,platform-dev,NextEuropa platform,PHP,2015-08-31 09:16:12,,f,2019-05-30 16:54:51,
28947324,https://api.github.com/repos/Microsoft/vscode,3886902,vscode,Visual Studio Code,TypeScript,2015-09-03 20:23:38,,f,2019-05-31 07:15:45,
24940878,https://api.github.com/repos/pingcap/tidb,7687401,tidb,TiDB is a distributed NewSQL database compatible with MySQL protocol ,Go,2015-09-06 04:01:52,,f,2019-05-31 09:23:27,
28947096,https://api.github.com/repos/dotnet/corert,6093870,corert,"This repo contains CoreRT, a .NET Core runtime optimized for AOT (ahead of time compilation) scenarios, with the accompanying .NET Native compiler toolchain.",C#,2015-09-15 23:10:53,,f,2019-05-31 12:25:55,
28925719,https://api.github.com/repos/isb-cgc/ISB-CGC-Webapp,6651059,ISB-CGC-Webapp,ISB CGC Webapp,JavaScript,2015-09-24 17:02:46,,f,2019-05-30 20:26:37,
30929002,https://api.github.com/repos/metasfresh/metasfresh,11163623,metasfresh,metasfresh ERP Software,Java,2015-10-06 15:38:11,,f,2019-05-31 08:51:19,
32285448,https://api.github.com/repos/uclouvain/osis-portal,6165995,osis-portal,"",JavaScript,2015-10-14 13:54:31,,f,2019-05-31 08:27:51,
27541493,https://api.github.com/repos/department-of-veterans-affairs/caseflow,2593138,caseflow,Caseflow is a web application to move appealed claims from an AOJ (Area of Jurisdiction) to the BVA (Board of Veterans Appeals).,Ruby,2015-10-15 14:32:04,,f,2019-05-31 12:49:47,
27749497,https://api.github.com/repos/ministryofjustice/prison-visits-2,1346693,prison-visits-2,A full ground-up rewrite,Ruby,2015-10-22 10:12:32,,f,2019-05-31 12:33:07,
28584132,https://api.github.com/repos/Yelp/paasta,17340,paasta,"An open, distributed platform as a service",Python,2015-10-26 21:35:53,,f,2019-05-31 17:49:44,
28136830,https://api.github.com/repos/ManifoldScholar/manifold,9431160,manifold,Transforming scholarly publications into living digital works.,Ruby,2015-10-29 14:47:07,,f,2019-05-31 20:59:48,
28576474,https://api.github.com/repos/edx/course-discovery,288514,course-discovery,edX course discovery API,Python,2015-11-09 20:57:54,,f,2019-05-31 12:59:54,
29067220,https://api.github.com/repos/Automattic/wp-calypso,25694,wp-calypso,The new JavaScript- and API-powered WordPress.com,JavaScript,2015-11-10 20:00:16,,f,2019-05-31 15:00:28,
28721149,https://api.github.com/repos/ec-europa/joinup-dev,6921009,joinup-dev,Joinup Drupal 8 development,PHP,2015-11-12 10:46:34,,f,2019-05-31 11:56:19,
32126689,https://api.github.com/repos/cloud-elements/churros,2641786,churros,:cop: Cloud Elements API testing framework,JavaScript,2015-11-17 15:32:22,,f,2019-05-31 12:47:13,
29018970,https://api.github.com/repos/alphagov/notifications-admin,8702,notifications-admin,Frontend application for notify admin,Python,2015-11-18 13:55:17,,f,2019-05-30 16:40:11,
29019493,https://api.github.com/repos/alphagov/notifications-api,8702,notifications-api,Notifications api,Python,2015-11-18 13:57:17,,f,2019-05-30 14:03:36,
51958423,https://api.github.com/repos/golemfactory/golem,32709846,golem,Golem project is to create a global prosumer market for computing power.,Python,2015-11-18 17:02:35,,f,2019-05-31 05:51:26,
29037559,https://api.github.com/repos/mattermost/docs,8553742,docs,"",Python,2015-11-19 21:48:32,,f,2019-05-31 21:13:54,
29081511,https://api.github.com/repos/alphagov/paas-cf,8702,paas-cf,Government PaaS - Cloud Foundry,Ruby,2015-11-23 11:36:57,,f,2019-05-31 07:21:13,
31152806,https://api.github.com/repos/brave/browser-laptop,8059694,browser-laptop,"Brave browser for Desktop and Laptop computers running Windows, OSX, and Linux",JavaScript,2015-11-25 22:55:10,,f,2019-05-29 10:12:36,
38234894,https://api.github.com/repos/DataDog/integrations-core,38469,integrations-core,Core integrations of the datadog agent,Python,2015-12-01 16:41:45,,f,2019-05-31 10:32:10,
35339700,https://api.github.com/repos/uber/deck.gl,41617,deck.gl,A WebGL overlay suite,JavaScript,2015-12-15 08:38:29,,f,2019-05-31 22:59:57,
43620776,https://api.github.com/repos/cilium/cilium,501056,cilium,BPF & XDP for containers,Go,2015-12-16 12:33:31,,f,2019-05-30 22:12:00,
30168919,https://api.github.com/repos/StoDevX/AAO-React-Native,10936845,AAO-React-Native,"The St. Olaf community, now in pocket size... rewritten in React Native.",JavaScript,2015-12-22 06:41:01,,f,2019-05-31 11:11:39,
25923758,https://api.github.com/repos/ONSdigital/eq-survey-runner,3569669,eq-survey-runner,eQ Survey Runner,Python,2016-01-07 13:15:26,,f,2019-05-31 10:34:50,
39112229,https://api.github.com/repos/mercadopago/px-ios,889396,px-ios,MercadoPago SDK iOS - BETA,Swift,2016-01-12 21:12:32,,f,2019-05-31 04:18:34,
39126489,https://api.github.com/repos/mercadopago/px-android,889396,px-android,MercadoPago SDK Android - BETA,Java,2016-01-12 21:18:39,,f,2019-05-31 12:08:16,
75981863,https://api.github.com/repos/DataDog/datadog-agent,38469,datadog-agent,Datadog Agent ,Go,2016-01-19 17:40:41,,f,2019-05-31 13:53:27,
31161672,https://api.github.com/repos/dart-lang/build,32346,build,"",Dart,2016-01-20 19:12:37,,f,2019-05-30 23:17:36,
41758019,https://api.github.com/repos/wireapp/wire-android,11254201,wire-android,Wire Android UI,Java,2016-01-21 08:50:07,,f,2019-05-30 14:40:48,
31244492,https://api.github.com/repos/CuBoulder/express,406955,express,Express installation profile,PHP,2016-01-22 17:35:00,,f,2019-05-14 14:07:57,
34618833,https://api.github.com/repos/Microsoft/pxt,3886902,pxt,A kinder JavaScript experience,JavaScript,2016-01-24 19:35:52,,f,2019-05-31 05:51:18,
35416635,https://api.github.com/repos/18F/identity-idp,3497088,identity-idp,18f PoC Identity Provider,Ruby,2016-01-25 22:40:59,,f,2019-05-31 17:30:08,
31647492,https://api.github.com/repos/slidewiki/slidewiki-platform,11122400,slidewiki-platform,SlideWiki Platform,JavaScript,2016-02-01 08:48:35,,f,2019-05-31 13:16:22,
31749318,https://api.github.com/repos/LiskHQ/lisk,11134983,lisk,Lisk decentralized application platform and crypto-currency,JavaScript,2016-02-01 21:45:35,,f,2019-04-30 17:57:49,
65495007,https://api.github.com/repos/Azure/azure-functions-ux,3681780,azure-functions-ux,Azure Functions UX,TypeScript,2016-02-01 23:01:22,,f,2019-05-30 21:05:13,
54282526,https://api.github.com/repos/tootsuite/mastodon,33336581,mastodon,A GNU Social-compatible microblogging server,Ruby,2016-02-22 15:01:25,,f,2019-05-31 17:59:41,
30950478,https://api.github.com/repos/pymedusa/medusa,11170449,medusa,Network PVR,Python,2016-02-23 04:57:44,,f,2019-05-31 09:44:51,
38733234,https://api.github.com/repos/mlibrary/heliotrope,4481578,heliotrope,Hydra-based digital publisher platform,Ruby,2016-02-26 17:10:56,,f,2019-05-31 20:09:39,
46634954,https://api.github.com/repos/GoogleCloudPlatform/google-cloud-eclipse,1007812,google-cloud-eclipse,Google Cloud Platform plugin for Eclipse,Java,2016-03-08 00:30:03,,f,2019-05-30 15:41:20,
35819264,https://api.github.com/repos/xamarin/Xamarin.Forms,12882,Xamarin.Forms,Xamarin.Forms official home,C#,2016-03-18 15:52:03,,f,2019-05-31 18:38:09,
40238959,https://api.github.com/repos/Alfresco/alfresco-ng2-components,232807,alfresco-ng2-components,Alfresco Angular 2 components,TypeScript,2016-04-04 09:54:25,,f,2019-05-31 12:44:32,
35406279,https://api.github.com/repos/unfoldingWord-dev/translationCore,7317636,translationCore,Focused prototype of translationCore to be produced just for Metaphors.,JavaScript,2016-04-12 20:16:59,,f,2019-05-30 19:10:30,
35381642,https://api.github.com/repos/dcos/dcos-ui,179612,dcos-ui,The UI for The Datacenter Operating System,JavaScript,2016-04-18 22:48:06,,f,2019-05-31 12:52:27,
36389199,https://api.github.com/repos/Automattic/wp-e2e-tests,25694,wp-e2e-tests,Automated End to End Tests for WordPress.com,JavaScript,2016-05-03 02:49:24,,f,2019-05-14 22:50:01,
64996752,https://api.github.com/repos/desktop/desktop,103130,desktop,Extend your GitHub workflow beyond your browser with GitHub Desktop,TypeScript,2016-05-11 15:59:00,,f,2019-05-31 16:26:22,
61456975,https://api.github.com/repos/JetBrains/kotlin-native,26731,kotlin-native,,Kotlin,2016-05-16 18:40:45,,f,2019-05-31 13:26:18,
37705938,https://api.github.com/repos/keybase/kbfs,2551116,kbfs,"",Go,2016-05-26 22:37:42,,f,2019-05-23 11:38:15,
71812389,https://api.github.com/repos/vespa-engine/vespa,36502415,vespa,Vespa - the open big data serving engine,Java,2016-06-03 20:54:20,,f,2019-05-30 21:19:18,
42627465,https://api.github.com/repos/demisto/content,7632169,content,"This repository will contain all Demisto content, and from here we will share content updates",Python,2016-06-06 12:17:02,,f,2019-05-31 01:36:12,
38520832,https://api.github.com/repos/nextcloud/android,13699164,android,☎️ The Nextcloud Android App,Java,2016-06-06 21:23:36,,f,2019-05-31 11:03:17,
76457192,https://api.github.com/repos/Unity-Technologies/ScriptableRenderPipeline,145549,ScriptableRenderPipeline,Scriptable Render Pipeline,C#,2016-06-28 20:37:43,,f,2019-05-31 02:15:13,
40704008,https://api.github.com/repos/SkillsFundingAgency/das-employerapprenticeshipsservice,6452166,das-employerapprenticeshipsservice,,JavaScript,2016-07-06 15:07:32,,f,2019-05-31 08:46:11,
41578214,https://api.github.com/repos/goalgorilla/open_social,7325398,open_social,Open Social Install profile Drupal 8,PHP,2016-07-19 12:56:46,,f,2019-05-31 09:51:17,
41833333,https://api.github.com/repos/wireapp/wire-ios,11254201,wire-ios,Wire iOS client (iPhone and iPad),Objective-C,2016-07-21 09:16:34,,f,2019-05-30 21:22:35,
62925165,https://api.github.com/repos/decidim/decidim,35107776,decidim,The participatory democracy framework,Ruby,2016-08-17 14:27:06,,f,2019-05-31 09:48:38,
50741209,https://api.github.com/repos/influxdata/chronograf,10954408,chronograf,Open source monitoring and visualization UI for the entire TICK stack,JavaScript,2016-08-24 23:28:56,,f,2019-05-31 17:40:28,
44561402,https://api.github.com/repos/dhis2/dhis2-core,2299820,dhis2-core,DHIS 2 Core,Java,2016-08-30 12:57:05,,f,2019-05-31 10:00:49,
49181770,https://api.github.com/repos/hyperledger/iroha,4055602,iroha,"Iroha - A simple, decentralized ledger",C++,2016-09-04 11:17:53,,f,2019-05-31 12:59:54,
49365164,https://api.github.com/repos/PennyDreadfulMTG/Penny-Dreadful-Tools,31259621,Penny-Dreadful-Tools,,Python,2016-09-27 07:22:15,,f,2019-05-30 23:53:08,
48112459,https://api.github.com/repos/mattermost/mattermost-mobile,8553742,mattermost-mobile,,JavaScript,2016-10-07 16:52:32,,f,2019-05-31 17:12:56,
48339835,https://api.github.com/repos/zalando-incubator/kubernetes-on-aws,12553886,kubernetes-on-aws,Deploying K8s on AWS with CloudFormation and CoreOS,Ruby,2016-10-14 06:55:28,,f,2019-05-31 05:49:13,
48605934,https://api.github.com/repos/githubschool/on-demand-github-pages,3809328,on-demand-github-pages,,Ruby,2016-10-17 16:09:55,,f,2019-05-08 02:42:23,
50268349,https://api.github.com/repos/aspnet/SignalR,3461168,SignalR,Incredibly simple real-time web for ASP.NET Core,C#,2016-10-17 16:39:15,,f,2019-05-31 18:40:57,
49081522,https://api.github.com/repos/chain/chain,1086302,chain,Chain Core Developer Edition,Go,2016-10-24 01:12:26,,f,2019-05-31 18:50:09,
50519944,https://api.github.com/repos/palantir/blueprint,67819,blueprint,A React UI toolkit for the Web,TypeScript,2016-10-25 21:17:50,,f,2019-05-31 20:44:37,
50862842,https://api.github.com/repos/wix/wix-style-react,141520,wix-style-react,Common React UI components for all Wix verticals developing in React,JavaScript,2016-11-14 14:37:00,,f,2019-05-31 08:19:06,
61684386,https://api.github.com/repos/mapbox/mapbox-navigation-ios,29218,mapbox-navigation-ios,Turn-by-turn navigation logic and UI in Swift or Objective-C on iOS,Swift,2016-11-16 01:23:44,,f,2019-05-31 17:36:21,
50971335,https://api.github.com/repos/tulibraries/tul_cob,5915987,tul_cob,Catalogue on Blacklight,Ruby,2016-11-16 20:14:21,,f,2019-05-31 20:52:45,
66828187,https://api.github.com/repos/samvera/hyrax,36151360,hyrax,"Hyrax is a front-end based on the robust Samvera framework, providing a user interface for common repository features",Ruby,2016-11-29 23:09:59,,f,2019-05-30 19:44:25,
52645726,https://api.github.com/repos/material-components/material-components-web,32898331,material-components-web,Modular and customizable Material Design UI components for the web,JavaScript,2016-12-05 16:04:09,,f,2019-05-31 04:36:04,
54215306,https://api.github.com/repos/DoSomething/phoenix-next,444531,phoenix-next,"It's Phoenix, but with 100% less Drupal!",PHP,2016-12-05 16:08:36,,f,2019-05-30 18:06:14,
52596360,https://api.github.com/repos/liqd/a4-meinberlin,819189,a4-meinberlin,,Python,2016-12-12 13:19:42,,f,2019-05-31 11:45:59,
53322648,https://api.github.com/repos/topbox-rci/rci-components,31306600,rci-components,React components for the RCI project,JavaScript,2016-12-13 20:05:28,,f,2019-05-30 17:14:01,
62223403,https://api.github.com/repos/strongloop/loopback-next,1547219,loopback-next,LoopBack makes it easy to build modern applications that require complex integrations.,TypeScript,2017-01-09 17:27:14,,f,2019-05-31 22:29:00,
73972495,https://api.github.com/repos/wellcometrust/platform,1166552,platform,The new Wellcome Collection digital platform.,Scala,2017-01-27 15:27:42,,f,2019-05-31 14:14:12,
55994508,https://api.github.com/repos/ORNL-AMO/AMO-Tools-Desktop,10862913,AMO-Tools-Desktop,AMO Tools Desktop,TypeScript,2017-01-30 16:26:56,,f,2019-05-31 16:08:45,
57789211,https://api.github.com/repos/giantswarm/aws-operator,4591065,aws-operator,AWS operator creates/configure/manages Kubernetes clusters on AWS by using Giantnetes.,Go,2017-02-01 12:47:41,,f,2019-05-30 12:49:08,
56516743,https://api.github.com/repos/SmarterApp/RDW_Reporting,3628406,RDW_Reporting,"RDW reporting tier (web app, backend services, etc.)",Java,2017-02-08 18:31:23,,f,2019-05-31 05:53:17,
63447246,https://api.github.com/repos/Wikia/mobile-wiki,616093,mobile-wiki,Wiki pages on mobile web,JavaScript,2017-02-13 10:53:45,,f,2019-05-31 14:18:43,
58717017,https://api.github.com/repos/GoogleCloudPlatform/forseti-security,1007812,forseti-security,"A suite of security tools that provide visibility, detection, and enforcement for an organization's use of Google Cloud Platform.",Python,2017-02-16 18:01:26,,f,2019-05-25 03:32:48,
64733867,https://api.github.com/repos/Theia-IDE/Theia,35944200,Theia,A Javascript framework for native desktop and cloud-based IDEs.,TypeScript,2017-02-24 14:42:05,,f,2019-05-31 18:18:12,
67847962,https://api.github.com/repos/uktrade/data-hub-frontend,30798448,data-hub-frontend,The frontend rendering application for Data Hub,JavaScript,2017-03-03 17:26:35,,f,2019-05-31 09:55:15,
65927781,https://api.github.com/repos/EOSIO/eos,35364167,eos,,C++,2017-04-05 17:09:53,,f,2019-05-31 18:56:43,
65102301,https://api.github.com/repos/firebase/firebase-ios-sdk,76839,firebase-ios-sdk,Firebase iOS SDK,Objective-C,2017-04-22 00:26:50,,f,2019-05-31 22:48:57,
63852919,https://api.github.com/repos/facebookresearch/ParlAI,12396923,ParlAI,A framework for training and evaluating AI models on a variety of openly available dialog datasets.,Python,2017-04-24 17:10:44,,f,2019-05-31 12:34:17,
65328888,https://api.github.com/repos/hasgeek/events,39510,events,,Ruby,2017-05-16 12:14:34,,f,2019-05-30 10:54:01,
66747187,https://api.github.com/repos/newsuk/times-components,34473004,times-components,A collection of reusable components used by The Times,JavaScript,2017-06-02 09:41:03,,f,2019-05-31 09:37:19,
91583484,https://api.github.com/repos/blockchain/blockchain-wallet-v4-frontend,52144,blockchain-wallet-v4-frontend,Pre-release,JavaScript,2017-06-12 17:20:32,,f,2019-05-31 16:51:50,
86111162,https://api.github.com/repos/Walkover-Web-Solution/Giddh-New-Angular4-App,39639857,Giddh-New-Angular4-App,New web and electron app on Angular4,TypeScript,2017-06-16 15:04:27,,f,2019-05-31 09:14:33,
83172029,https://api.github.com/repos/mesosphere/dcos-docs-site,2207728,dcos-docs-site,New Mesosphere DC/OS Documentation Website,JavaScript,2017-07-05 19:46:48,,f,2019-05-31 22:09:10,
76048571,https://api.github.com/repos/Bytom/bytom,36329157,bytom,Bytom,Go,2017-07-14 01:47:33,,f,2019-05-31 06:18:41,
95976363,https://api.github.com/repos/open-learning-exchange/planet,1259037,planet,AngularBellApp using couch 2.0. Part of OLE,TypeScript,2017-07-18 06:55:53,,f,2019-05-31 05:26:02,
70599789,https://api.github.com/repos/sonm-io/core,33391564,core,,Go,2017-07-26 12:57:50,,f,2019-05-29 11:59:59,
71245009,https://api.github.com/repos/MrLuit/EtherScamDB,12906755,EtherScamDB,Keep track of all current ethereum scams in a large database,JavaScript,2017-07-31 21:01:56,,f,2019-05-28 23:55:50,
73235251,https://api.github.com/repos/chanzuckerberg/idseq-web,32100900,idseq-web,,Ruby,2017-08-02 18:24:03,,f,2019-05-31 23:55:50,
75424982,https://api.github.com/repos/culturagovbr/salic-minc,8119829,salic-minc,,PHP,2017-09-22 17:41:11,,f,2019-05-31 21:54:37,
83235192,https://api.github.com/repos/Microsoft/pai,3886902,pai,Resource scheduling and cluster management for AI,Java,2017-09-25 11:24:51,,f,2019-05-31 02:16:55,
78278872,https://api.github.com/repos/heremaps/oss-review-toolkit,1043353,oss-review-toolkit,A suite of tools to assist with reviewing Open Source Software dependencies.,Kotlin,2017-10-19 11:59:49,,f,2019-05-31 16:41:05,
78577517,https://api.github.com/repos/stream-labs/streamlabs-obs,39028134,streamlabs-obs,Electron client for the Streamlabs OBS streaming software.,TypeScript,2017-10-26 21:50:19,,f,2019-05-31 21:03:45,
93077663,https://api.github.com/repos/brave/brave-core,8059694,brave-core,New version of muon based on chromium and for all platforms,C++,2017-11-10 03:33:30,,f,2019-05-31 21:48:31,
104833201,https://api.github.com/repos/unlock-protocol/unlock,45008052,unlock,Unlock is the web's new business model,JavaScript,2017-12-01 02:08:01,,f,2019-05-31 04:32:13,
81933048,https://api.github.com/repos/MagentaTA/dev,39800704,dev,Develop,PHP,2017-12-01 12:55:06,,f,2019-05-31 11:30:29,
86055052,https://api.github.com/repos/transcom/mymove,38487415,mymove,Personal Property Prototype,JavaScript,2017-12-18 22:41:12,,f,2019-05-31 14:41:24,
83990021,https://api.github.com/repos/tronprotocol/java-tron,40261730,java-tron,Java implementation of the Tron whitepaper,Java,2017-12-26 10:20:38,,f,2019-05-31 03:58:57,
84358150,https://api.github.com/repos/Zilliqa/Zilliqa,38618813,Zilliqa,Zilliqa is the world's first high-throughput public blockchain platform - designed to scale to thousands ​of transactions per second.,C++,2017-12-27 07:42:33,,f,2019-05-30 08:22:19,
98008633,https://api.github.com/repos/influxdata/platform,10954408,platform,The community version of the InfluxData Platform for Time Series,Go,2018-05-09 16:17:29,,f,2019-05-19 16:08:58,
104387791,https://api.github.com/repos/insolar/insolar,44644871,insolar,Abstract networking layer,Go,2018-07-05 09:49:28,,f,2019-05-31 07:27:40,
11109295,https://api.github.com/repos/empirical-org/Empirical-Core,2640666,empirical-core,"Empirical-Core is our web app for managing students, assigning activities, and viewing results. Core seamlessly incorporates 3rd party applications via the Empirical API.",Ruby,2013-04-25 18:46:12,,f,2019-04-16 15:03:50,
13007562,https://api.github.com/repos/ioam/holoviews,571800,holoviews,Stop plotting your data - annotate your data and let it visualize itself,Python,2014-05-07 16:59:22,,f,2019-02-23 15:46:22,
13930179,https://api.github.com/repos/ITAAcademy/IntITA,5833745,IntITA,"",PHP,2014-11-24 18:40:02,,f,2019-04-16 18:34:22,
21613416,https://api.github.com/repos/mattermost/platform,8553742,platform-2,Open source Slack-alternative in Golang and React - Mattermost,JavaScript,2015-06-15 06:50:02,,f,2019-04-03 07:01:26,
10882164,https://api.github.com/repos/sequenceiq/cloudbreak,2969141,cloudbreak,Cloudbreak is a cloud agnostic Hadoop as a Service API.,Java,2014-05-10 10:03:07,,f,2019-04-22 01:49:26,
23472581,https://api.github.com/repos/mulesoft/mulesoft-docs,7037,mulesoft-docs,Main MuleSoft documentation repository,Java,2015-05-19 20:21:17,,f,2019-01-27 05:01:59,
31908789,https://api.github.com/repos/ethcore/parity,11186124,parity,Ethcore implementation,Rust,2015-11-23 11:07:32,,f,2019-04-13 20:12:55,
59780342,https://api.github.com/repos/paritytech/parity,34766499,parity,"Fast, light, robust Ethereum implementation",Rust,2015-11-23 11:07:32,,f,2018-12-11 01:44:02,
